age,Sr,eSr,d13C,ed13C,d34S,ed34S,fR,efR,fL,efL,fA,efA,fA_Godderis,efA_Godderis,fAw_fA,efAw_fA,fAw_fA_Godderis,efAw_fA_Godderis,fD,efD,fD_Godderis,efD_Godderis,RT,eRT,GEOG,eGEOG,GEOG_Godderis,eGEOG_Godderis,fSR,efSR,fC,efC
570,90,2.419794621,0,0.383574975,23,0.936205985,1.0128,0.081024,0.63,0.252,1,0.5,1,0.225,1,0.2,0.8132,0.4066,1.12,0.56,0.56185567,0.126417526,0.031993734,0.015996867,-0.4,5,-7.323,1.25,1,0.175,0.75,0.16875
567.5,90,2.419794621,0,0.383574975,23.025,0.936205985,1.0145,0.08116,0.63,0.252,0.9875,0.49375,1,0.225,1,0.2,0.8132,0.4066,1.12,0.56,0.56185567,0.126417526,0.031993734,0.015996867,-0.4,5,-7.323,1.25,1.01,0.17675,0.75,0.16875
565,90,2.419794621,0,0.383574975,23.05,0.936205985,1.0162,0.081296,0.63,0.252,0.975,0.4875,1,0.225,1,0.2,0.8132,0.4066,1.12,0.56,0.56185567,0.126417526,0.031993734,0.015996867,-0.4,5,-7.323,1.25,1.02,0.1785,0.75,0.16875
562.5,90,2.419794621,0,0.383574975,23.075,0.936205985,1.0179,0.081432,0.63,0.252,0.9625,0.48125,1,0.225,1,0.2,0.8132,0.4066,1.12,0.56,0.56185567,0.126417526,0.031993734,0.015996867,-0.4,5,-7.323,1.25,1.03,0.18025,0.75,0.16875
560,90,2.419794621,0,0.383574975,23.1,0.936205985,1.0196,0.081568,0.63,0.252,0.95,0.475,1,0.225,1,0.2,0.8132,0.4066,1.12,0.56,0.56185567,0.126417526,0.031993734,0.015996867,-0.4,5,-7.323,1.25,1.04,0.182,0.75,0.16875
557.5,90,2.419794621,0,0.383574975,23.65,0.936205985,1.0208,0.081664,0.63,0.252,0.9375,0.46875,1,0.225,1,0.2,0.8132,0.4066,1.12,0.56,0.56185567,0.126417526,0.0341710915,0.01708554575,-0.4,5,-7.323,1.25,1.08,0.189,0.75,0.16875
555,90,2.419794621,0,0.383574975,24.2,0.936205985,1.022,0.08176,0.63,0.252,0.925,0.4625,1,0.225,1,0.2,0.8132,0.4066,1.12,0.56,0.56185567,0.126417526,0.036348449,0.0181742245,-0.4,5,-7.323,1.25,1.12,0.196,0.75,0.16875
552.5,90,2.419794621,0,0.383574975,24.75,0.936205985,1.0232,0.081856,0.63,0.252,0.9125,0.45625,1,0.225,1,0.2,0.8132,0.4066,1.12,0.56,0.56185567,0.126417526,0.0385258065,0.01926290325,-0.4,5,-7.323,1.25,1.16,0.203,0.75,0.16875
550,90,2.419794621,0,0.383574975,25.3,0.936205985,1.0244,0.081952,0.63,0.252,0.9,0.45,1,0.225,1,0.2,0.8132,0.4066,1.12,0.56,0.56185567,0.126417526,0.040703164,0.020351582,-0.4,5,-7.323,1.25,1.2,0.21,0.75,0.16875
547.5,90,2.419794621,0,0.383574975,25.9,0.936205985,1.0251,0.082008,0.63,0.252,0.8875,0.44375,0.9975,0.2244375,1,0.2,0.8132,0.4066,1.12,0.56,0.56185567,0.126417526,0.0370594455,0.01852972275,-0.15,5,-7.323,1.25,1.2375,0.2165625,0.75,0.16875
545,90,2.419794621,0,0.383574975,26.5,0.936205985,1.0258,0.082064,0.63,0.252,0.875,0.4375,0.995,0.223875,1,0.2,0.8132,0.4066,1.12,0.56,0.56185567,0.126417526,0.033415727,0.0167078635,0.1,5,-7.323,1.25,1.275,0.223125,0.75,0.16875
542.5,90,2.419794621,0,0.383574975,27.1,0.936205985,1.0265,0.08212,0.63,0.252,0.8625,0.43125,0.9925,0.2233125,1,0.2,0.8132,0.4066,1.12,0.56,0.56185567,0.126417526,0.0297720085,0.01488600425,0.35,5,-7.323,1.25,1.3125,0.2296875,0.75,0.16875
540,90,2.419794621,0,0.383574975,27.7,0.936205985,1.0272,0.082176,0.63,0.252,0.85,0.425,0.99,0.22275,1,0.2,0.8132,0.4066,1.12,0.56,0.56185567,0.126417526,0.02612829,0.013064145,0.6,5,-7.323,1.25,1.35,0.23625,0.75,0.16875
537.5,89.75,2.419794621,0,0.383574975,29.05,0.93821970375,1.027475,0.082198,0.735,0.294,0.8025,0.40125,0.98275,0.22111875,1,0.2,0.8149875,0.40749375,1.12,0.56,0.57800181925,0.1300504095,0.02677278875,0.0133863945,0.6,5,-6.991875,1.25,1.41,0.24675,0.75,0.16875
535,89.5,2.419794621,0,0.383574975,30.4,0.9402334225,1.02775,0.08222,0.84,0.336,0.755,0.3775,0.9755,0.2194875,1,0.2,0.816775,0.4083875,1.12,0.56,0.5941479685,0.133683293,0.0274172875,0.013708644,0.6,5,-6.66075,1.25,1.47,0.25725,0.75,0.16875
532.5,89.25,2.419794621,0,0.383574975,31.75,0.94224714125,1.028025,0.082242,0.945,0.378,0.7075,0.35375,0.96825,0.21785625,1,0.2,0.8185625,0.40928125,1.12,0.56,0.61029411775,0.1373161765,0.02806178625,0.0140308935,0.6,5,-6.329625,1.25,1.53,0.26775,0.75,0.16875
530,89,2.419794621,0,0.383574975,33.1,0.94426086,1.0283,0.082264,1.05,0.42,0.66,0.33,0.961,0.216225,1,0.2,0.82035,0.410175,1.12,0.56,0.626440267,0.14094906,0.028706285,0.014353143,0.6,5,-5.9985,1.25,1.59,0.27825,0.75,0.16875
527.5,89,2.419794621,0,0.38397223125,33,1.04557525325,1.02815,0.082252,1.05,0.42,0.655,0.3275,0.95375,0.21459375,1,0.2,0.8221375,0.41106875,1.12,0.56,0.64258641625,0.1445819435,0.02935078375,0.01467539225,0.6,5,-5.667375,1.25,1.6175,0.2830625,0.75,0.16875
525,89,2.419794621,0,0.3843694875,32.9,1.1468896465,1.028,0.08224,1.05,0.42,0.65,0.325,0.9465,0.2129625,1,0.2,0.823925,0.4119625,1.12,0.56,0.6587325655,0.148214827,0.0299952825,0.0149976415,0.6,5,-5.33625,1.25,1.645,0.287875,0.75,0.16875
522.5,89,2.419794621,0,0.38476674375,32.8,1.24820403975,1.02785,0.082228,1.05,0.42,0.645,0.3225,0.93925,0.21133125,1,0.2,0.8257125,0.41285625,1.12,0.56,0.67487871475,0.1518477105,0.03063978125,0.01531989075,0.6,5,-5.005125,1.25,1.6725,0.2926875,0.75,0.16875
520,89,2.419794621,0,0.385164,32.7,1.349518433,1.0277,0.082216,1.05,0.42,0.64,0.32,0.932,0.2097,1,0.2,0.8275,0.41375,1.12,0.56,0.691024864,0.155480594,0.03128428,0.01564214,0.6,5,-4.674,1.25,1.7,0.2975,0.75,0.16875
517.5,89,2.419794621,-0.125,0.38476674375,33.35,1.45262719,1.027125,0.08217,1.03,0.412,0.645,0.3225,0.9245,0.2080125,1,0.2,0.8292875,0.41464375,1.115,0.5575,0.707171013,0.15911347775,0.0310447095,0.01552235475,0.725,5,-4.342875,1.25,1.68,0.294,0.75,0.16875
515,89,2.419794621,-0.25,0.3843694875,34,1.555735947,1.02655,0.082124,1.01,0.404,0.65,0.325,0.917,0.206325,1,0.2,0.831075,0.4155375,1.11,0.555,0.723317162,0.1627463615,0.030805139,0.0154025695,0.85,5,-4.01175,1.25,1.66,0.2905,0.75,0.16875
512.5,89,2.419794621,-0.375,0.38397223125,34.65,1.658844704,1.025975,0.082078,0.99,0.396,0.655,0.3275,0.9095,0.2046375,1,0.2,0.8328625,0.41643125,1.105,0.5525,0.739463311,0.16637924525,0.0305655685,0.01528278425,0.975,5,-3.680625,1.25,1.64,0.287,0.75,0.16875
510,89,2.419794621,-0.5,0.383574975,35.3,1.761953461,1.0254,0.082032,0.97,0.388,0.66,0.33,0.902,0.20295,1,0.2,0.83465,0.417325,1.1,0.55,0.75560946,0.170012129,0.030325998,0.015162999,1.1,5,-3.3495,1.25,1.62,0.2835,0.75,0.16875
507.5,89,2.661951855,-0.625,0.31533283125,35.5,2.078978572,1.024475,0.081958,0.975,0.39,0.6575,0.32875,0.89475,0.20131875,1,0.2,0.8364375,0.41821875,1.0925,0.54625,0.77175560925,0.1736450125,0.02997015,0.014985075,1.35,5,-3.018375,1.25,1.595,0.279125,0.75,0.16875
505,89,2.904109089,-0.75,0.2470906875,35.7,2.396003683,1.02355,0.081884,0.98,0.392,0.655,0.3275,0.8875,0.1996875,1,0.2,0.838225,0.4191125,1.085,0.5425,0.7879017585,0.177277896,0.029614302,0.014807151,1.6,5,-2.68725,1.25,1.57,0.27475,0.75,0.16875
502.5,89,3.146266323,-0.875,0.17884854375,35.9,2.713028794,1.022625,0.08181,0.985,0.394,0.6525,0.32625,0.88025,0.19805625,1,0.2,0.8400125,0.42000625,1.0775,0.53875,0.80404790775,0.1809107795,0.029258454,0.014629227,1.85,5,-2.356125,1.25,1.545,0.270375,0.75,0.16875
500,89,3.388423557,-1,0.1106064,36.1,3.030053905,1.0217,0.081736,0.99,0.396,0.65,0.325,0.873,0.196425,1,0.2,0.8418,0.4209,1.07,0.535,0.820194057,0.184543663,0.028902606,0.014451303,2.1,5,-2.025,1.25,1.52,0.266,0.75,0.16875
497.5,88.5,2.8304851885,-1,0.17884854375,35.575,2.85359693775,1.0204,0.081632,0.99,0.396,0.65,0.325,0.87725,0.19738125,1,0.2,0.83799166675,0.41899583325,1.06,0.53,0.827092177,0.18609574,0.02897914625,0.01448957325,2.35,5,-2.015,1.25,1.515,0.265125,0.75,0.16875
495,88,2.27254682,-1,0.2470906875,35.05,2.6771399705,1.0191,0.081528,0.99,0.396,0.65,0.325,0.8815,0.1983375,1,0.2,0.8341833335,0.4170916665,1.05,0.525,0.833990297,0.187647817,0.0290556865,0.0145278435,2.6,5,-2.005,1.25,1.51,0.26425,0.75,0.16875
492.5,87.5,1.7146084515,-1,0.31533283125,34.525,2.50068300325,1.0178,0.081424,0.99,0.396,0.65,0.325,0.88575,0.19929375,1,0.2,0.83037500025,0.41518749975,1.04,0.52,0.840888417,0.189199894,0.02913222675,0.01456611375,2.85,5,-1.995,1.25,1.505,0.263375,0.75,0.16875
490,87,1.156670083,-1,0.383574975,34,2.324226036,1.0165,0.08132,0.99,0.396,0.65,0.325,0.89,0.20025,1,0.2,0.826566667,0.413283333,1.03,0.515,0.847786537,0.190751971,0.029208767,0.014604384,3.1,5,-1.985,1.25,1.5,0.2625,0.75,0.16875
487.5,86.5,1.72740367525,-1,0.34958773125,33.125,1.9614201475,1.0149,0.081192,0.99,0.396,0.6425,0.32125,0.894,0.20115,1,0.2,0.8227583335,0.4113791665,1.0125,0.50625,0.85468465725,0.192304048,0.02928530725,0.014642654,3.3,5,-1.975,1.25,1.4975,0.2620625,0.75,0.16875
485,86,2.2981372675,-1,0.3156004875,32.25,1.598614259,1.0133,0.081064,0.99,0.396,0.635,0.3175,0.898,0.20205,1,0.2,0.81895,0.409475,0.995,0.4975,0.8615827775,0.193856125,0.0293618475,0.014680924,3.5,5,-1.965,1.25,1.495,0.261625,0.75,0.16875
482.5,85.5,2.86887085975,-1,0.28161324375,31.375,1.2358083705,1.0117,0.080936,0.99,0.396,0.6275,0.31375,0.902,0.20295,1,0.2,0.8151416665,0.4075708335,0.9775,0.48875,0.86848089775,0.195408202,0.02943838775,0.014719194,3.7,5,-1.955,1.25,1.4925,0.2611875,0.75,0.16875
480,85,3.439604452,-1,0.247626,30.5,0.873002482,1.0101,0.080808,0.99,0.396,0.62,0.31,0.906,0.20385,1,0.2,0.811333333,0.405666667,0.96,0.48,0.875379018,0.196960279,0.029514928,0.014757464,3.9,5,-1.945,1.25,1.49,0.26075,0.75,0.16875
477.5,84.25,3.4835784755,-1,0.2675241,29.725,1.1048259295,1.00815,0.080652,1.01,0.404,0.62,0.31,0.91025,0.20480625,1,0.2,0.80752499975,0.40376250025,0.95,0.475,0.882277138,0.198512356,0.029431414,0.014715707,4.075,5,-1.935,1.25,1.4925,0.2611875,0.75,0.16875
475,83.5,3.527552499,-1,0.2874222,28.95,1.336649377,1.0062,0.080496,1.03,0.412,0.62,0.31,0.9145,0.2057625,1,0.2,0.8037166665,0.4018583335,0.94,0.47,0.889175258,0.200064433,0.0293479,0.01467395,4.25,5,-1.925,1.25,1.495,0.261625,0.75,0.16875
472.5,82.75,3.5715265225,-1,0.3073203,28.175,1.5684728245,1.00425,0.08034,1.05,0.42,0.62,0.31,0.91875,0.20671875,1,0.2,0.79990833325,0.39995416675,0.93,0.465,0.896073378,0.20161651,0.029264386,0.014632193,4.425,5,-1.915,1.25,1.4975,0.2620625,0.75,0.16875
470,82,3.615500546,-1,0.3272184,27.4,1.800296272,1.0023,0.080184,1.07,0.428,0.62,0.31,0.923,0.207675,1,0.2,0.7961,0.39805,0.92,0.46,0.902971498,0.203168587,0.029180872,0.014590436,4.6,5,-1.905,1.25,1.5,0.2625,0.75,0.16875
467.5,81.5,4.10913836125,-0.75,0.3131667,26.9,1.5783303655,1.000075,0.080006,1.07,0.428,0.62,0.31,0.89975,0.20244375,1,0.2,0.8012,0.4006,0.915,0.4575,0.913811401,0.20560756525,0.02879348675,0.0143967435,4.9,5,-1.89,1.25,1.505,0.263375,0.75,0.16875
465,81,4.6027761765,-0.5,0.299115,26.4,1.356364459,0.99785,0.079828,1.07,0.428,0.62,0.31,0.8765,0.1972125,1,0.2,0.8063,0.40315,0.91,0.455,0.924651304,0.2080465435,0.0284061015,0.014203051,5.2,5,-1.875,1.25,1.51,0.26425,0.75,0.16875
462.5,80.5,5.09641399175,-0.25,0.2850633,25.9,1.1343985525,0.995625,0.07965,1.07,0.428,0.62,0.31,0.85325,0.19198125,1,0.2,0.8114,0.4057,0.905,0.4525,0.935491207,0.21048552175,0.02801871625,0.0140093585,5.5,5,-1.86,1.25,1.515,0.265125,0.75,0.16875
460,80,5.590051807,0,0.2710116,25.4,0.912432646,0.9934,0.079472,1.07,0.428,0.62,0.31,0.83,0.18675,1,0.2,0.8165,0.40825,0.9,0.45,0.94633111,0.2129245,0.027631331,0.013815666,5.8,5,-1.845,1.25,1.52,0.266,0.75,0.16875
457.5,79.5,4.572986504,0,0.2692233,25.55,1.15887690525,0.990875,0.07927,1.09,0.436,0.6325,0.31625,0.80675,0.18151875,1,0.2,0.8216,0.4108,0.925,0.4625,0.957171013,0.215363478,0.0272439455,0.01362197325,5.5,5,-1.83,1.25,1.52,0.266,0.75,0.16875
455,79,3.555921201,0,0.267435,25.7,1.4053211645,0.98835,0.079068,1.11,0.444,0.645,0.3225,0.7835,0.1762875,1,0.2,0.8267,0.41335,0.95,0.475,0.968010916,0.217802456,0.02685656,0.0134282805,5.2,5,-1.815,1.25,1.52,0.266,0.75,0.16875
452.5,78.5,2.538855898,0,0.2656467,25.85,1.65176542375,0.985825,0.078866,1.13,0.452,0.6575,0.32875,0.76025,0.17105625,1,0.2,0.8318,0.4159,0.975,0.4875,0.978850819,0.220241434,0.0264691745,0.01323458775,4.9,5,-1.8,1.25,1.52,0.266,0.75,0.16875
450,78,1.521790595,0,0.2638584,26,1.898209683,0.9833,0.078664,1.15,0.46,0.67,0.335,0.737,0.165825,1,0.2,0.8369,0.41845,1,0.5,0.989690722,0.222680412,0.026081789,0.013040895,4.6,5,-1.785,1.25,1.52,0.266,0.75,0.16875
447.5,78.25,1.83813961925,0.175,0.3955194,26.25,1.94642785325,0.98055,0.078444,1.22,0.488,0.66,0.33,0.7415,0.1668375,1,0.2,0.837975,0.4189875,1.025,0.5125,0.97888872075,0.22024996175,0.02569440375,0.01284720225,4.1,5,-1.95,1.25,1.5275,0.2673125,0.75,0.16875
445,78.5,2.1544886435,0.35,0.5271804,26.5,1.9946460235,0.9778,0.078224,1.29,0.516,0.65,0.325,0.746,0.16785,1,0.2,0.83905,0.419525,1.05,0.525,0.9680867195,0.2178195115,0.0253070185,0.0126535095,3.6,5,-2.115,1.25,1.535,0.268625,0.75,0.16875
442.5,78.75,2.47083766775,0.525,0.6588414,26.75,2.04286419375,0.97505,0.078004,1.36,0.544,0.64,0.32,0.7505,0.1688625,1,0.2,0.840125,0.4200625,1.075,0.5375,0.95728471825,0.21538906125,0.02491963325,0.01245981675,3.1,5,-2.28,1.25,1.5425,0.2699375,0.75,0.16875
440,79,2.787186692,0.7,0.7905024,27,2.091082364,0.9723,0.077784,1.43,0.572,0.63,0.315,0.755,0.169875,1,0.2,0.8412,0.4206,1.1,0.55,0.946482717,0.212958611,0.024532248,0.012266124,2.6,5,-2.445,1.25,1.55,0.27125,0.75,0.16875
437.5,79.5,2.57433834175,0.775,0.7524846,27.15,2.00432455125,0.9693,0.077544,1.43,0.572,0.6275,0.31375,0.7595,0.1708875,1,0.2,0.842275,0.4211375,1.1525,0.57625,0.9788887205,0.220249962,0.0241448625,0.01207243125,1.975,5,-1.95,1.25,1.55,0.27125,0.75,0.16875
435,80,2.3614899915,0.85,0.7144668,27.3,1.9175667385,0.9663,0.077304,1.43,0.572,0.625,0.3125,0.764,0.1719,1,0.2,0.84335,0.421675,1.205,0.6025,1.011294724,0.227541313,0.023757477,0.0118787385,1.35,5,-1.455,1.25,1.55,0.27125,0.75,0.16875
432.5,80.5,2.14864164125,0.925,0.676449,27.45,1.83080892575,0.9633,0.077064,1.43,0.572,0.6225,0.31125,0.7685,0.1729125,1,0.2,0.844425,0.4222125,1.2575,0.62875,1.0437007275,0.234832664,0.0233700915,0.01168504575,0.725,5,-0.96,1.25,1.55,0.27125,0.75,0.16875
430,81,1.935793291,1,0.6384312,27.6,1.744051113,0.9603,0.076824,1.43,0.572,0.62,0.31,0.773,0.173925,1,0.2,0.8455,0.42275,1.31,0.655,1.076106731,0.242124015,0.022982706,0.011491353,0.1,5,-0.465,1.25,1.55,0.27125,0.75,0.16875
427.5,82.25,2.0195905215,1.125,0.6837813,27.325,1.6311806445,0.9571,0.076568,1.4575,0.583,0.65,0.325,0.7775,0.1749375,1,0.2,0.84360833325,0.42180416675,1.3025,0.65125,1.07790074775,0.2425276685,0.02285865575,0.011429328,-0.4,5,-0.57475,1.25,1.545,0.270375,0.75,0.16875
425,83.5,2.103387752,1.25,0.7291314,27.05,1.518310176,0.9539,0.076312,1.485,0.594,0.68,0.34,0.782,0.17595,1,0.2,0.8417166665,0.4208583335,1.295,0.6475,1.0796947645,0.242931322,0.0227346055,0.011367303,-0.9,5,-0.6845,1.25,1.54,0.2695,0.75,0.16875
422.5,84.75,2.1871849825,1.375,0.7744815,26.775,1.4054397075,0.9507,0.076056,1.5125,0.605,0.71,0.355,0.7865,0.1769625,1,0.2,0.83982499975,0.41991250025,1.2875,0.64375,1.08148878125,0.2433349755,0.02261055525,0.011305278,-1.4,5,-0.79425,1.25,1.535,0.268625,0.75,0.16875
420,86,2.270982213,1.5,0.8198316,26.5,1.292569239,0.9475,0.0758,1.54,0.616,0.74,0.37,0.791,0.177975,1,0.2,0.837933333,0.418966667,1.28,0.64,1.083282798,0.243738629,0.022486505,0.011243253,-1.9,5,-0.904,1.25,1.53,0.26775,0.75,0.16875
417.5,86.25,2.542859379,1.625,0.6996762,25.775,1.19422313325,0.9441,0.075528,1.5625,0.625,0.74,0.37,0.7955,0.1789875,1,0.2,0.8360416665,0.4180208335,1.2725,0.63625,1.0850768145,0.24414228275,0.02246742075,0.01123371075,-1.65,5,-1.01375,1.25,1.5175,0.2655625,0.75,0.16875
415,86.5,2.814736545,1.75,0.5795208,25.05,1.0958770275,0.9407,0.075256,1.585,0.634,0.74,0.37,0.8,0.18,1,0.2,0.83415,0.417075,1.265,0.6325,1.086870831,0.2445459365,0.0224483365,0.0112241685,-1.4,5,-1.1235,1.25,1.505,0.263375,0.75,0.16875
412.5,86.75,3.086613711,1.875,0.4593654,24.325,0.99753092175,0.9373,0.074984,1.6075,0.643,0.74,0.37,0.8045,0.1810125,1,0.2,0.8322583335,0.4161291665,1.2575,0.62875,1.0886648475,0.24494959025,0.02242925225,0.01121462625,-1.15,5,-1.23325,1.25,1.4925,0.2611875,0.75,0.16875
410,87,3.358490877,2,0.33921,23.6,0.899184816,0.9339,0.074712,1.63,0.652,0.74,0.37,0.809,0.182025,1,0.2,0.830366667,0.415183333,1.25,0.625,1.090458864,0.245353244,0.022410168,0.011205084,-0.9,5,-1.343,1.25,1.48,0.259,0.75,0.16875
407.5,86.5,2.99635764925,1.625,0.3386061,23.125,0.8912410965,0.930325,0.074426,1.63,0.652,0.74,0.37,0.8135,0.1830375,1,0.2,0.82847500025,0.41423749975,1.245,0.6225,1.0922528805,0.24575689775,0.02239108375,0.011195542,-0.65,5,-1.45275,1.25,1.455,0.254625,0.75,0.16875
405,86,2.6342244215,1.25,0.3380022,22.65,0.883297377,0.92675,0.07414,1.63,0.652,0.74,0.37,0.818,0.18405,1,0.2,0.8265833335,0.4132916665,1.24,0.62,1.094046897,0.2461605515,0.0223719995,0.011186,-0.4,5,-1.5625,1.25,1.43,0.25025,0.75,0.16875
402.5,85.5,2.27209119375,0.875,0.3373983,22.175,0.8753536575,0.923175,0.073854,1.63,0.652,0.74,0.37,0.8225,0.1850625,1,0.2,0.82469166675,0.41234583325,1.235,0.6175,1.0958409135,0.24656420525,0.02235291525,0.011176458,-0.15,5,-1.67225,1.25,1.405,0.245875,0.75,0.16875
400,85,1.909957966,0.5,0.3367944,21.7,0.867409938,0.9196,0.073568,1.63,0.652,0.74,0.37,0.827,0.186075,1,0.2,0.8228,0.4114,1.23,0.615,1.09763493,0.246967859,0.022333831,0.011166916,0.1,5,-1.782,1.25,1.38,0.2415,0.75,0.16875
397.5,83.75,1.6942166225,0.75,0.3744117,21.575,1.04060018625,0.915875,0.07327,1.59,0.636,0.735,0.3675,0.817,0.183825,1,0.2,0.823525,0.4117625,1.2275,0.61375,1.10420456825,0.24844602775,0.022314747,0.011157374,0.35,5,-1.48083333325,1.25,1.375,0.240625,0.75,0.16875
395,82.5,1.478475279,1,0.412029,21.45,1.2137904345,0.91215,0.072972,1.55,0.62,0.73,0.365,0.807,0.181575,1,0.2,0.82425,0.412125,1.225,0.6125,1.1107742065,0.2499241965,0.022295663,0.011147832,0.6,5,-1.1796666665,1.25,1.37,0.23975,0.75,0.16875
392.5,81.25,1.2627339355,1.25,0.4496463,21.325,1.38698068275,0.908425,0.072674,1.51,0.604,0.725,0.3625,0.797,0.179325,1,0.2,0.824975,0.4124875,1.2225,0.61125,1.11734384475,0.25140236525,0.022276579,0.01113829,0.85,5,-0.87849999975,1.25,1.365,0.238875,0.75,0.16875
390,80,1.046992592,1.5,0.4872636,21.2,1.560170931,0.9047,0.072376,1.47,0.588,0.72,0.36,0.787,0.177075,1,0.2,0.8257,0.41285,1.22,0.61,1.123913483,0.252880534,0.022257495,0.011128748,1.1,5,-0.577333333,1.25,1.36,0.238,0.75,0.16875
387.5,79.5,1.1715539715,1.375,0.4836879,21.2,1.37005318425,0.900825,0.072066,1.47,0.588,0.7125,0.35625,0.777,0.174825,1,0.2,0.826425,0.4132125,1.2175,0.60875,1.13048312125,0.2543587025,0.02223841075,0.01111920575,1.075,5,-0.2761666665,1.25,1.365,0.238875,0.75,0.16875
385,79,1.296115351,1.25,0.4801122,21.2,1.1799354375,0.89695,0.071756,1.47,0.588,0.705,0.3525,0.767,0.172575,1,0.2,0.82715,0.413575,1.215,0.6075,1.1370527595,0.255836871,0.0222193265,0.0111096635,1.05,5,0.025,1.25,1.37,0.23975,0.75,0.16875
382.5,78.5,1.4206767305,1.125,0.4765365,21.2,0.98981769075,0.893075,0.071446,1.47,0.588,0.6975,0.34875,0.757,0.170325,1,0.2,0.827875,0.4139375,1.2125,0.60625,1.14362239775,0.2573150395,0.02220024225,0.01110012125,1.025,5,0.3261666665,1.25,1.375,0.240625,0.75,0.16875
380,78,1.54523811,1,0.4729608,21.2,0.799699944,0.8892,0.071136,1.47,0.588,0.69,0.345,0.747,0.168075,1,0.2,0.8286,0.4143,1.21,0.605,1.150192036,0.258793208,0.022181158,0.011090579,1,5,0.627333333,1.25,1.38,0.2415,0.75,0.16875
377.5,79,1.6113118755,1,0.4222458,20.975,0.83382645425,0.88525,0.07082,1.47,0.588,0.69,0.345,0.737,0.165825,1,0.2,0.829325,0.4146625,1.21,0.605,1.156761674,0.2602713765,0.02216207375,0.011081037,0.975,5,0.92849999975,1.25,1.385,0.242375,0.75,0.16875
375,80,1.677385641,1,0.3715308,20.75,0.8679529645,0.8813,0.070504,1.47,0.588,0.69,0.345,0.727,0.163575,1,0.2,0.83005,0.415025,1.21,0.605,1.163331312,0.261749545,0.0221429895,0.011071495,0.95,5,1.2296666665,1.25,1.39,0.24325,0.75,0.16875
372.5,81,1.7434594065,1,0.3208158,20.525,0.90207947475,0.87735,0.070188,1.47,0.588,0.69,0.345,0.717,0.161325,1,0.2,0.830775,0.4153875,1.21,0.605,1.16990095,0.2632277135,0.02212390525,0.011061953,0.925,5,1.53083333325,1.25,1.395,0.244125,0.75,0.16875
370,82,1.809533172,1,0.2701008,20.3,0.936205985,0.8734,0.069872,1.47,0.588,0.69,0.345,0.707,0.159075,1,0.2,0.8315,0.41575,1.21,0.605,1.176470588,0.264705882,0.022104821,0.011052411,0.9,5,1.832,1.25,1.4,0.245,0.75,0.16875
367.5,82,1.8783264155,1.1,0.3362238,20.1,0.936205985,0.869325,0.069546,1.4525,0.581,0.6925,0.34625,0.71425,0.16070625,1,0.2,0.8334,0.4167,1.21,0.605,1.17485344625,0.26434202525,0.0217126595,0.01085633025,0.85,5,1.68141666675,1.25,1.4075,0.2463125,0.75,0.16875
365,82,1.947119659,1.2,0.4023468,19.9,0.936205985,0.86525,0.06922,1.435,0.574,0.695,0.3475,0.7215,0.1623375,1,0.2,0.8353,0.41765,1.21,0.605,1.1732363045,0.2639781685,0.021320498,0.0106602495,0.8,5,1.5308333335,1.25,1.415,0.247625,0.75,0.16875
362.5,82,2.0159129025,1.3,0.4684698,19.7,0.936205985,0.861175,0.068894,1.4175,0.567,0.6975,0.34875,0.72875,0.16396875,1,0.2,0.8372,0.4186,1.21,0.605,1.17161916275,0.26361431175,0.0209283365,0.01046416875,0.75,5,1.38025000025,1.25,1.4225,0.2489375,0.75,0.16875
360,82,2.084706146,1.4,0.5345928,19.5,0.936205985,0.8571,0.068568,1.4,0.56,0.7,0.35,0.736,0.1656,1,0.2,0.8391,0.41955,1.21,0.605,1.170002021,0.263250455,0.020536175,0.010268088,0.7,5,1.229666667,1.25,1.43,0.25025,0.75,0.16875
357.5,81,2.493723953,1.75,0.5424804,18.875,0.95671293,0.853,0.06824,1.4025,0.561,0.7075,0.35375,0.7435,0.1672875,1,0.2,0.841,0.4205,1.21,0.605,1.1683848795,0.262886598,0.02014401375,0.01007200725,0.675,5,1.0790833335,1.25,1.43,0.25025,0.75,0.16875
355,80,2.90274176,2.1,0.550368,18.25,0.977219875,0.8489,0.067912,1.405,0.562,0.715,0.3575,0.751,0.168975,1,0.2,0.8429,0.42145,1.21,0.605,1.166767738,0.262522741,0.0197518525,0.0098759265,0.65,5,0.9285,1.25,1.43,0.25025,0.75,0.16875
352.5,79,3.311759567,2.45,0.5582556,17.625,0.99772682,0.8448,0.067584,1.4075,0.563,0.7225,0.36125,0.7585,0.1706625,1,0.2,0.8448,0.4224,1.21,0.605,1.1651505965,0.262158884,0.01935969125,0.00967984575,0.625,5,0.7779166665,1.25,1.43,0.25025,0.75,0.16875
350,78,3.720777374,2.8,0.5661432,17,1.018233765,0.8407,0.067256,1.41,0.564,0.73,0.365,0.766,0.17235,1,0.2,0.8467,0.42335,1.21,0.605,1.163533455,0.261795027,0.01896753,0.009483765,0.6,5,0.627333333,1.25,1.43,0.25025,0.75,0.16875
347.5,77.25,3.63028974575,2.825,0.5567112,16.7,1.05258130625,0.836525,0.066922,1.41,0.564,0.7375,0.36875,0.7735,0.1740375,1,0.2,0.8486,0.4243,1.21,0.605,1.16191631325,0.26143117025,0.019039781,0.0095198905,0.575,5,0.47674999975,1.25,1.3925,0.2436875,0.75,0.16875
345,76.5,3.5398021175,2.85,0.5472792,16.4,1.0869288475,0.83235,0.066588,1.41,0.564,0.745,0.3725,0.781,0.175725,1,0.2,0.8505,0.42525,1.21,0.605,1.1602991715,0.2610673135,0.019112032,0.009556016,0.55,5,0.3261666665,1.25,1.355,0.237125,0.75,0.16875
342.5,75.75,3.44931448925,2.875,0.5378472,16.1,1.12127638875,0.828175,0.066254,1.41,0.564,0.7525,0.37625,0.7885,0.1774125,1,0.2,0.8524,0.4262,1.21,0.605,1.15868202975,0.26070345675,0.019184283,0.0095921415,0.525,5,0.17558333325,1.25,1.3175,0.2305625,0.75,0.16875
340,75,3.358826861,2.9,0.5284152,15.8,1.15562393,0.824,0.06592,1.41,0.564,0.76,0.38,0.796,0.1791,1,0.2,0.8543,0.42715,1.21,0.605,1.157064888,0.2603396,0.019256534,0.009628267,0.5,5,0.025,1.25,1.28,0.224,0.75,0.16875
337.5,75.75,3.4794472885,2.8,0.532575,15.525,0.93934714275,0.81985,0.065588,1.41,0.564,0.7625,0.38125,0.797,0.179325,1,0.2,0.8550125,0.42750625,1.205,0.6025,1.15590888425,0.260079499,0.0194636145,0.00973180725,0.525,5,0.074875,1.25,1.2275,0.2148125,0.75,0.16875
335,76.5,3.600067716,2.7,0.5367348,15.25,0.7230703555,0.8157,0.065256,1.41,0.564,0.765,0.3825,0.798,0.17955,1,0.2,0.855725,0.4278625,1.2,0.6,1.1547528805,0.259819398,0.019670695,0.0098353475,0.55,5,0.12475,1.25,1.175,0.205625,0.75,0.16875
332.5,77.25,3.7206881435,2.6,0.5408946,14.975,0.50679356825,0.81155,0.064924,1.41,0.564,0.7675,0.38375,0.799,0.179775,1,0.2,0.8564375,0.42821875,1.195,0.5975,1.15359687675,0.259559297,0.0198777755,0.00993888775,0.575,5,0.174625,1.25,1.1225,0.1964375,0.75,0.16875
330,78,3.841308571,2.5,0.5450544,14.7,0.290516781,0.8074,0.064592,1.41,0.564,0.77,0.385,0.8,0.18,1,0.2,0.85715,0.428575,1.19,0.595,1.152440873,0.259299196,0.020084856,0.010042428,0.6,5,0.2245,1.25,1.07,0.18725,0.75,0.16875
327.5,78.75,3.453633127,2.675,0.5646681,14.75,0.305833276,0.803225,0.064258,1.41,0.564,0.775,0.3875,0.80075,0.18016875,1,0.2,0.8578625,0.42893125,1.18,0.59,1.1512848695,0.25903909525,0.02019194575,0.010095973,0.6,5,0.274375,1.25,1.07,0.18725,0.75,0.16875
325,79.5,3.065957683,2.85,0.5842818,14.8,0.321149771,0.79905,0.063924,1.41,0.564,0.78,0.39,0.8015,0.1803375,1,0.2,0.858575,0.4292875,1.17,0.585,1.150128866,0.2587789945,0.0202990355,0.010149518,0.6,5,0.32425,1.25,1.07,0.18725,0.75,0.16875
322.5,80.25,2.678282239,3.025,0.6038955,14.85,0.336466266,0.794875,0.06359,1.41,0.564,0.785,0.3925,0.80225,0.18050625,1,0.2,0.8592875,0.42964375,1.16,0.58,1.1489728625,0.25851889375,0.02040612525,0.010203063,0.6,5,0.374125,1.25,1.07,0.18725,0.75,0.16875
320,81,2.290606795,3.2,0.6235092,14.9,0.351782761,0.7907,0.063256,1.41,0.564,0.79,0.395,0.803,0.180675,1,0.2,0.86,0.43,1.15,0.575,1.147816859,0.258258793,0.020513215,0.010256608,0.6,5,0.424,1.25,1.07,0.18725,0.75,0.16875
317.5,81.25,2.09667728825,3.4,0.597915,14.725,0.3581263925,0.7866,0.062928,1.42,0.568,0.7925,0.39625,0.804,0.1809,1,0.2,0.8607125,0.43035625,1.1475,0.57375,1.14666085525,0.25799869225,0.02022034175,0.01011017125,0.625,5,0.473875,1.25,1.0875,0.1903125,0.75,0.16875
315,81.5,1.9027477815,3.6,0.5723208,14.55,0.364470024,0.7825,0.0626,1.43,0.572,0.795,0.3975,0.805,0.181125,1,0.2,0.861425,0.4307125,1.145,0.5725,1.1455048515,0.2577385915,0.0199274685,0.0099637345,0.65,5,0.52375,1.25,1.105,0.193375,0.75,0.16875
312.5,81.75,1.70881827475,3.8,0.5467266,14.375,0.3708136555,0.7784,0.062272,1.44,0.576,0.7975,0.39875,0.806,0.18135,1,0.2,0.8621375,0.43106875,1.1425,0.57125,1.14434884775,0.25747849075,0.01963459525,0.00981729775,0.675,5,0.573625,1.25,1.1225,0.1964375,0.75,0.16875
310,82,1.514888768,4,0.5211324,14.2,0.377157287,0.7743,0.061944,1.45,0.58,0.8,0.4,0.807,0.181575,1,0.2,0.86285,0.431425,1.14,0.57,1.143192844,0.25721839,0.019341722,0.009670861,0.7,5,0.6235,1.25,1.14,0.1995,0.75,0.16875
307.5,82,1.93753965975,4.1,0.4836006,14.075,0.3427010665,0.770225,0.061618,1.45,0.58,0.8,0.4,0.80775,0.18174375,1,0.2,0.8635625,0.43178125,1.1375,0.56875,1.1420368405,0.25695828925,0.02027487475,0.0101374375,0.75,5,0.673375,1.25,1.1575,0.2025625,0.75,0.16875
305,82,2.3601905515,4.2,0.4460688,13.95,0.308244846,0.76615,0.061292,1.45,0.58,0.8,0.4,0.8085,0.1819125,1,0.2,0.864275,0.4321375,1.135,0.5675,1.140880837,0.2566981885,0.0212080275,0.010604014,0.8,5,0.72325,1.25,1.175,0.205625,0.75,0.16875
302.5,82,2.78284144325,4.3,0.408537,13.825,0.2737886255,0.762075,0.060966,1.45,0.58,0.8,0.4,0.80925,0.18208125,1,0.2,0.8649875,0.43249375,1.1325,0.56625,1.1397248335,0.25643808775,0.02214118025,0.0110705905,0.85,5,0.773125,1.25,1.1925,0.2086875,0.75,0.16875
300,82,3.205492335,4.4,0.3710052,13.7,0.239332405,0.758,0.06064,1.45,0.58,0.8,0.4,0.81,0.18225,1,0.2,0.8657,0.43285,1.13,0.565,1.13856883,0.256177987,0.023074333,0.011537167,0.9,5,0.823,1.25,1.21,0.21175,0.75,0.16875
297.5,82.25,3.5316310445,4.475,0.4275162,13.475,0.4135508,0.75405,0.060324,1.45,0.58,0.8,0.4,0.8195,0.1843875,1,0.2,0.846675,0.4233375,1.1225,0.56125,1.10074287475,0.247667147,0.02400748575,0.01200374325,0.95,5,0.893875,1.25,1.21,0.21175,0.75,0.16875
295,82.5,3.857769754,4.55,0.4840272,13.25,0.587769195,0.7501,0.060008,1.45,0.58,0.8,0.4,0.829,0.186525,1,0.2,0.82765,0.413825,1.115,0.5575,1.0629169195,0.239156307,0.0249406385,0.0124703195,1,5,0.96475,1.25,1.21,0.21175,0.75,0.16875
292.5,82.75,4.1839084635,4.625,0.5405382,13.025,0.76198759,0.74615,0.059692,1.45,0.58,0.8,0.4,0.8385,0.1886625,1,0.2,0.808625,0.4043125,1.1075,0.55375,1.02509096425,0.230645467,0.02587379125,0.01293689575,1.05,5,1.035625,1.25,1.21,0.21175,0.75,0.16875
290,83,4.510047173,4.7,0.5970492,12.8,0.936205985,0.7422,0.059376,1.45,0.58,0.8,0.4,0.848,0.1908,1,0.2,0.7896,0.3948,1.1,0.55,0.987265009,0.222134627,0.026806944,0.013403472,1.1,5,1.1065,1.25,1.21,0.21175,0.75,0.16875
287.5,82.75,4.31732566,4.625,0.5694498,12.85,0.81104281075,0.738375,0.05907,1.415,0.566,0.8025,0.40125,0.8575,0.1929375,1,0.2,0.770575,0.3852875,1.095,0.5475,0.949439054,0.213623787,0.028485412,0.014242706,1.15,5,1.177375,1.25,1.175,0.205625,0.75,0.16875
285,82.5,4.124604147,4.55,0.5418504,12.9,0.6858796365,0.73455,0.058764,1.38,0.552,0.805,0.4025,0.867,0.195075,1,0.2,0.75155,0.375775,1.09,0.545,0.911613099,0.205112947,0.03016388,0.01508194,1.2,5,1.24825,1.25,1.14,0.1995,0.75,0.16875
282.5,82.25,3.931882634,4.475,0.514251,12.95,0.56071646225,0.730725,0.058458,1.345,0.538,0.8075,0.40375,0.8765,0.1972125,1,0.2,0.732525,0.3662625,1.085,0.5425,0.873787144,0.196602107,0.031842348,0.015921174,1.25,5,1.319125,1.25,1.105,0.193375,0.75,0.16875
280,82,3.739161121,4.4,0.4866516,13,0.435553288,0.7269,0.058152,1.31,0.524,0.81,0.405,0.886,0.19935,1,0.2,0.7135,0.35675,1.08,0.54,0.835961189,0.188091267,0.033520816,0.016760408,1.3,5,1.39,1.25,1.07,0.18725,0.75,0.16875
277.5,80.75,3.44500699275,4.475,0.5301567,13.35,0.6854791505,0.723225,0.057858,1.31,0.524,0.81,0.405,0.894,0.20115,1,0.2,0.7133125,0.35665625,1.065,0.5325,0.82421164375,0.1854476195,0.035199284,0.017599642,1.35,5,1.221375,1.25,1.0775,0.1885625,0.75,0.16875
275,79.5,3.1508528645,4.55,0.5736618,13.7,0.935405013,0.71955,0.057564,1.31,0.524,0.81,0.405,0.902,0.20295,1,0.2,0.713125,0.3565625,1.05,0.525,0.8124620985,0.182803972,0.036877752,0.018438876,1.4,5,1.05275,1.25,1.085,0.189875,0.75,0.16875
272.5,78.25,2.85669873625,4.625,0.6171669,14.05,1.1853308755,0.715875,0.05727,1.31,0.524,0.81,0.405,0.91,0.20475,1,0.2,0.7129375,0.35646875,1.035,0.5175,0.80071255325,0.1801603245,0.03855622,0.01927811,1.45,5,0.884125,1.25,1.0925,0.1911875,0.75,0.16875
270,77,2.562544608,4.7,0.660672,14.4,1.435256738,0.7122,0.056976,1.31,0.524,0.81,0.405,0.918,0.20655,1,0.2,0.71275,0.356375,1.02,0.51,0.788963008,0.177516677,0.040234688,0.020117344,1.5,5,0.7155,1.25,1.1,0.1925,0.75,0.16875
267.5,75.5,3.03824632575,4.525,0.5800572,14.85,1.31049404975,0.708725,0.056698,1.31,0.524,0.8175,0.40875,0.92575,0.20829375,1,0.2,0.7125625,0.35628125,1.0075,0.50375,0.77721346275,0.17487302925,0.04053159125,0.02026579575,1.575,5,0.546875,1.25,1.11,0.19425,0.75,0.16875
265,74,3.5139480435,4.35,0.4994424,15.3,1.1857313615,0.70525,0.05642,1.31,0.524,0.825,0.4125,0.9335,0.2100375,1,0.2,0.712375,0.3561875,0.995,0.4975,0.7654639175,0.1722293815,0.0408284945,0.0204142475,1.65,5,0.37825,1.25,1.12,0.196,0.75,0.16875
262.5,72.5,3.98964976125,4.175,0.4188276,15.75,1.06096867325,0.701775,0.056142,1.31,0.524,0.8325,0.41625,0.94125,0.21178125,1,0.2,0.7121875,0.35609375,0.9825,0.49125,0.75371437225,0.16958573375,0.04112539775,0.02056269925,1.725,5,0.209625,1.25,1.13,0.19775,0.75,0.16875
260,71,4.465351479,4,0.3382128,16.2,0.936205985,0.6983,0.055864,1.31,0.524,0.84,0.42,0.949,0.213525,1,0.2,0.712,0.356,0.97,0.485,0.741964827,0.166942086,0.041422301,0.020711151,1.8,5,0.041,1.25,1.14,0.1995,0.75,0.16875
257.5,71.5,5.3769906095,3.25,0.3760524,16.95,1.29500073075,0.69505,0.055604,1.34,0.536,0.845,0.4225,0.9535,0.2145375,1,0.2,0.70815,0.354075,0.9675,0.48375,0.7175560945,0.16145012125,0.0417192045,0.02085960275,1.825,5,-0.14683333325,1.25,1.1325,0.1981875,0.75,0.16875
255,72,6.28862974,2.5,0.413892,17.7,1.6537954765,0.6918,0.055344,1.37,0.548,0.85,0.425,0.958,0.21555,1,0.2,0.7043,0.35215,0.965,0.4825,0.693147362,0.1559581565,0.042016108,0.0210080545,1.85,5,-0.3346666665,1.25,1.125,0.196875,0.75,0.16875
252.5,72.5,7.2002688705,1.75,0.4517316,18.45,2.01259022225,0.68855,0.055084,1.4,0.56,0.855,0.4275,0.9625,0.2165625,1,0.2,0.70045,0.350225,0.9625,0.48125,0.6687386295,0.15046619175,0.0423130115,0.02115650625,1.875,5,-0.52249999975,1.25,1.1175,0.1955625,0.75,0.16875
250,73,8.111908001,1,0.4895712,19.2,2.371384968,0.6853,0.054824,1.43,0.572,0.86,0.43,0.967,0.217575,1,0.2,0.6966,0.3483,0.96,0.48,0.644329897,0.144974227,0.042609915,0.021304958,1.9,5,-0.710333333,1.25,1.11,0.19425,0.75,0.16875
247.5,73.5,6.73968091075,1.25,0.4287303,19.5,2.248144944,0.6823,0.054584,1.4125,0.565,0.8675,0.43375,0.968,0.2178,1,0.2,0.69377,0.346885,0.955,0.4775,0.62772892675,0.14123900875,0.0429068185,0.02145340975,1.85,5,-0.67559999975,1.25,1.105,0.193375,0.75,0.16875
245,74,5.3674538205,1.5,0.3678894,19.8,2.12490492,0.6793,0.054344,1.395,0.558,0.875,0.4375,0.969,0.218025,1,0.2,0.69094,0.34547,0.95,0.475,0.6111279565,0.1375037905,0.043203722,0.0216018615,1.8,5,-0.6408666665,1.25,1.1,0.1925,0.75,0.16875
242.5,74.5,3.99522673025,1.75,0.3070485,20.1,2.001664896,0.6763,0.054104,1.3775,0.551,0.8825,0.44125,0.97,0.21825,1,0.2,0.68811,0.344055,0.945,0.4725,0.59452698625,0.13376857225,0.0435006255,0.02175031325,1.75,5,-0.60613333325,1.25,1.095,0.191625,0.75,0.16875
240,75,2.62299964,2,0.2462076,20.4,1.878424872,0.6733,0.053864,1.36,0.544,0.89,0.445,0.971,0.218475,1,0.2,0.68528,0.34264,0.94,0.47,0.577926016,0.130033354,0.043797529,0.021898765,1.7,5,-0.5714,1.25,1.09,0.19075,0.75,0.16875
237.5,75.75,2.37763665225,2.125,0.2808441,20.425,1.5059440025,0.6706,0.053648,1.3675,0.547,0.8875,0.44375,0.97125,0.21853125,1,0.2,0.68347,0.341735,0.945,0.4725,0.569132808,0.128054882,0.0440944325,0.02204721675,1.7,5,-0.3141,1.25,1.0925,0.1911875,0.75,0.16875
235,76.5,2.1322736645,2.25,0.3154806,20.45,1.133463133,0.6679,0.053432,1.375,0.55,0.885,0.4425,0.9715,0.2185875,1,0.2,0.68166,0.34083,0.95,0.475,0.5603396,0.12607641,0.044391336,0.0221956685,1.7,5,-0.0568,1.25,1.095,0.191625,0.75,0.16875
232.5,77.25,1.88691067675,2.375,0.3501171,20.475,0.7609822635,0.6652,0.053216,1.3825,0.553,0.8825,0.44125,0.97175,0.21864375,1,0.2,0.67985,0.339925,0.955,0.4775,0.551546392,0.124097938,0.0446882395,0.02234412025,1.7,5,0.2005,1.25,1.0975,0.1920625,0.75,0.16875
230,78,1.641547689,2.5,0.3847536,20.5,0.388501394,0.6625,0.053,1.39,0.556,0.88,0.44,0.972,0.2187,1,0.2,0.67804,0.33902,0.96,0.48,0.542753184,0.122119466,0.044985143,0.022492572,1.7,5,0.4578,1.25,1.1,0.1925,0.75,0.16875
227.5,78,1.47759560575,2.75,0.3376962,20.2,0.35795932675,0.66015,0.052812,1.35,0.54,0.885,0.4425,0.97175,0.21864375,1,0.2,0.67623,0.338115,0.965,0.4825,0.533959976,0.12014099425,0.0455143525,0.02275717675,1.7,5,0.7151,1.25,1.105,0.193375,0.75,0.16875
225,78,1.3136435225,3,0.2906388,19.9,0.3274172595,0.6578,0.052624,1.31,0.524,0.89,0.445,0.9715,0.2185875,1,0.2,0.67442,0.33721,0.97,0.485,0.525166768,0.1181625225,0.046043562,0.0230217815,1.7,5,0.9724,1.25,1.11,0.19425,0.75,0.16875
222.5,78,1.14969143925,3.25,0.2435814,19.6,0.29687519225,0.65545,0.052436,1.27,0.508,0.895,0.4475,0.97125,0.21853125,1,0.2,0.67261,0.336305,0.975,0.4875,0.51637356,0.11618405075,0.0465727715,0.02328638625,1.7,5,1.2297,1.25,1.115,0.195125,0.75,0.16875
220,78,0.985739356,3.5,0.196524,19.3,0.266333125,0.6531,0.052248,1.23,0.492,0.9,0.45,0.971,0.218475,1,0.2,0.6708,0.3354,0.98,0.49,0.507580352,0.114205579,0.047101981,0.023550991,1.7,5,1.487,1.25,1.12,0.196,0.75,0.16875
217.5,78,1.50431880325,3.25,0.24328674375,19,0.279624746,0.6511,0.052088,1.23,0.492,0.9,0.45,0.97025,0.21830625,1,0.2,0.6753875,0.33769375,0.9875,0.49375,0.54798362675,0.12329631575,0.0476311905,0.02381559575,1.725,5,1.699625,1.25,1.125,0.196875,0.75,0.16875
215,78,2.0228982505,3,0.2900494875,18.7,0.292916367,0.6491,0.051928,1.23,0.492,0.9,0.45,0.9695,0.2181375,1,0.2,0.679975,0.3399875,0.995,0.4975,0.5883869015,0.1323870525,0.0481604,0.0240802005,1.75,5,1.91225,1.25,1.13,0.19775,0.75,0.16875
212.5,78,2.54147769775,2.75,0.33681223125,18.4,0.306207988,0.6471,0.051768,1.23,0.492,0.9,0.45,0.96875,0.21796875,1,0.2,0.6845625,0.34228125,1.0025,0.50125,0.62879017625,0.14147778925,0.0486896095,0.02434480525,1.775,5,2.124875,1.25,1.135,0.198625,0.75,0.16875
210,78,3.060057145,2.5,0.383574975,18.1,0.319499609,0.6451,0.051608,1.23,0.492,0.9,0.45,0.968,0.2178,1,0.2,0.68915,0.344575,1.01,0.505,0.669193451,0.150568526,0.049218819,0.02460941,1.8,5,2.3375,1.25,1.14,0.1995,0.75,0.16875
207.5,77.25,2.82107657925,2.375,0.33465763125,18.05,0.90025571825,0.643525,0.051482,1.2625,0.505,0.9025,0.45125,0.96725,0.21763125,1,0.2,0.6937375,0.34686875,1.0125,0.50625,0.7095967255,0.159659263,0.04974802875,0.02487401475,1.8,5,2.550125,1.25,1.13,0.19775,0.75,0.16875
205,76.5,2.5820960135,2.25,0.2857402875,18,1.4810118275,0.64195,0.051356,1.295,0.518,0.905,0.4525,0.9665,0.2174625,1,0.2,0.698325,0.3491625,1.015,0.5075,0.75,0.16875,0.0502772385,0.0251386195,1.8,5,2.76275,1.25,1.12,0.196,0.75,0.16875
202.5,75.75,2.34311544775,2.125,0.23682294375,17.95,2.06176793675,0.640375,0.05123,1.3275,0.531,0.9075,0.45375,0.96575,0.21729375,1,0.2,0.7029125,0.35145625,1.0175,0.50875,0.7904032745,0.177840737,0.05080644825,0.02540322425,1.8,5,2.975375,1.25,1.11,0.19425,0.75,0.16875
200,75,2.104134882,2,0.1879056,17.9,2.642524046,0.6388,0.051104,1.36,0.544,0.91,0.455,0.965,0.217125,1,0.2,0.7075,0.35375,1.02,0.51,0.830806549,0.186931474,0.051335658,0.025667829,1.8,5,3.188,1.25,1.1,0.1925,0.75,0.16875
197.5,75.25,2.18077342175,1.765,0.2342979,17.875,2.06575800525,0.63765,0.051012,1.36,0.544,0.91,0.455,0.958,0.21555,1,0.2,0.709875,0.3549375,1.0225,0.51125,0.830806549,0.186931474,0.0516588085,0.02582940425,1.75,5,3.369875,1.25,1.0975,0.1920625,0.75,0.16875
195,75.5,2.2574119615,1.53,0.2806902,17.85,1.4889919645,0.6365,0.05092,1.36,0.544,0.91,0.455,0.951,0.213975,1,0.2,0.71225,0.356125,1.025,0.5125,0.830806549,0.186931474,0.051981959,0.0259909795,1.7,5,3.55175,1.25,1.095,0.191625,0.75,0.16875
192.5,75.75,2.33405050125,1.295,0.3270825,17.825,0.91222592375,0.63535,0.050828,1.36,0.544,0.91,0.455,0.944,0.2124,1,0.2,0.714625,0.3573125,1.0275,0.51375,0.830806549,0.186931474,0.0523051095,0.02615255475,1.65,5,3.733625,1.25,1.0925,0.1911875,0.75,0.16875
190,76,2.410689041,1.06,0.3734748,17.8,0.335459883,0.6342,0.050736,1.36,0.544,0.91,0.455,0.937,0.210825,1,0.2,0.717,0.3585,1.03,0.515,0.830806549,0.186931474,0.05262826,0.02631413,1.6,5,3.9155,1.25,1.09,0.19075,0.75,0.16875
187.5,75.75,2.28740906575,1.1,0.3522825,17.775,0.5357955455,0.633525,0.050682,1.3325,0.533,0.905,0.4525,0.93,0.20925,1,0.2,0.719375,0.3596875,1.035,0.5175,0.830806549,0.186931474,0.05295141025,0.02647570525,1.525,5,4.097375,1.25,1.1025,0.1929375,0.75,0.16875
185,75.5,2.1641290905,1.14,0.3310902,17.75,0.736131208,0.63285,0.050628,1.305,0.522,0.9,0.45,0.923,0.207675,1,0.2,0.72175,0.360875,1.04,0.52,0.830806549,0.186931474,0.0532745605,0.0266372805,1.45,5,4.27925,1.25,1.115,0.195125,0.75,0.16875
182.5,75.25,2.04084911525,1.18,0.3098979,17.725,0.9364668705,0.632175,0.050574,1.2775,0.511,0.895,0.4475,0.916,0.2061,1,0.2,0.724125,0.3620625,1.045,0.5225,0.830806549,0.186931474,0.05359771075,0.02679885575,1.375,5,4.461125,1.25,1.1275,0.1973125,0.75,0.16875
180,75,1.91756914,1.22,0.2887056,17.7,1.136802533,0.6315,0.05052,1.25,0.5,0.89,0.445,0.909,0.204525,1,0.2,0.7265,0.36325,1.05,0.525,0.830806549,0.186931474,0.053920861,0.026960431,1.3,5,4.643,1.25,1.14,0.1995,0.75,0.16875
177.5,73.5,1.951110865,1.26,0.2954547,17.6,1.05277682325,0.63135,0.050508,1.25,0.5,0.885,0.4425,0.91025,0.20480625,1,0.2,0.73134285725,0.3656714285,1.0625,0.53125,0.84027115975,0.18906101125,0.0542440115,0.02712200625,1.225,5,4.46135714275,1.25,1.1575,0.2025625,0.75,0.16875
175,72,1.98465259,1.3,0.3022038,17.5,0.9687511135,0.6312,0.050496,1.25,0.5,0.88,0.44,0.9115,0.2050875,1,0.2,0.7361857145,0.368092857,1.075,0.5375,0.8497357705,0.1911905485,0.054567162,0.0272835815,1.15,5,4.2797142855,1.25,1.175,0.205625,0.75,0.16875
172.5,70.5,2.018194315,1.34,0.3089529,17.4,0.88472540375,0.63105,0.050484,1.25,0.5,0.875,0.4375,0.91275,0.20536875,1,0.2,0.74102857175,0.3705142855,1.0875,0.54375,0.85920038125,0.19332008575,0.0548903125,0.02744515675,1.075,5,4.09807142825,1.25,1.1925,0.2086875,0.75,0.16875
170,69,2.05173604,1.38,0.315702,17.3,0.800699694,0.6309,0.050472,1.25,0.5,0.87,0.435,0.914,0.20565,1,0.2,0.745871429,0.372935714,1.1,0.55,0.868664992,0.195449623,0.055213463,0.027606732,1,5,3.916428571,1.25,1.21,0.21175,0.75,0.16875
167.5,68.75,2.033259601,1.42,0.3154401,17.325,0.64211803925,0.631275,0.050502,1.25,0.5,0.865,0.4325,0.916,0.2061,1,0.2,0.750714286,0.37535714275,1.105,0.5525,0.8781296025,0.1975791605,0.055371008,0.0276855045,0.925,5,3.734785714,1.25,1.225,0.214375,0.75,0.16875
165,68.5,2.014783162,1.46,0.3151782,17.35,0.4835363845,0.63165,0.050532,1.25,0.5,0.86,0.43,0.918,0.20655,1,0.2,0.755557143,0.3777785715,1.11,0.555,0.887594213,0.199708698,0.055528553,0.027764277,0.85,5,3.553142857,1.25,1.24,0.217,0.75,0.16875
162.5,68.25,1.996306723,1.5,0.3149163,17.375,0.32495472975,0.632025,0.050562,1.25,0.5,0.855,0.4275,0.92,0.207,1,0.2,0.7604,0.38020000025,1.115,0.5575,0.8970588235,0.2018382355,0.055686098,0.0278430495,0.775,5,3.3715,1.25,1.255,0.219625,0.75,0.16875
160,68,1.977830284,1.54,0.3146544,17.4,0.166373075,0.6324,0.050592,1.25,0.5,0.85,0.425,0.922,0.20745,1,0.2,0.765242857,0.382621429,1.12,0.56,0.906523434,0.203967773,0.055843643,0.027921822,0.7,5,3.189857143,1.25,1.27,0.22225,0.75,0.16875
157.5,68.25,2.20187427225,1.58,0.33188454375,17.175,0.3588313025,0.63335,0.050668,1.2475,0.499,0.845,0.4225,0.924,0.2079,1,0.2,0.77008571425,0.3850428575,1.1225,0.56125,0.9159880445,0.20609731025,0.056001188,0.0280005945,0.625,5,3.00821428575,1.25,1.27,0.22225,0.75,0.16875
155,68.5,2.4259182605,1.62,0.3491146875,16.95,0.55128953,0.6343,0.050744,1.245,0.498,0.84,0.42,0.926,0.20835,1,0.2,0.7749285715,0.387464286,1.125,0.5625,0.925452655,0.2082268475,0.056158733,0.028079367,0.55,5,2.8265714285,1.25,1.27,0.22225,0.75,0.16875
152.5,68.75,2.64996224875,1.66,0.36634483125,16.725,0.7437477575,0.63525,0.05082,1.2425,0.497,0.835,0.4175,0.928,0.2088,1,0.2,0.77977142875,0.3898857145,1.1275,0.56375,0.9349172655,0.21035638475,0.056316278,0.0281581395,0.475,5,2.64492857125,1.25,1.27,0.22225,0.75,0.16875
150,69,2.874006237,1.7,0.383574975,16.5,0.936205985,0.6362,0.050896,1.24,0.496,0.83,0.415,0.93,0.20925,1,0.2,0.784614286,0.392307143,1.13,0.565,0.944381876,0.212485922,0.056473823,0.028236912,0.4,5,2.463285714,1.25,1.27,0.22225,0.75,0.16875
147.5,69.5,2.51105128225,1.575,0.38105533125,16.65,1.090004689,0.63775,0.05102,1.19,0.476,0.8325,0.41625,0.9295,0.2091375,1,0.2,0.79087738125,0.3954386905,1.135,0.5675,0.9574273005,0.2154211425,0.05663136775,0.02831568425,0.3,5,2.3933392855,1.25,1.26925,0.22211875,0.75425,0.16970625
145,70,2.1480963275,1.45,0.3785356875,16.8,1.243803393,0.6393,0.051144,1.14,0.456,0.835,0.4175,0.929,0.209025,1,0.2,0.7971404765,0.398570238,1.14,0.57,0.970472725,0.218356363,0.0567889125,0.0283944565,0.2,5,2.323392857,1.25,1.2685,0.2219875,0.7585,0.1706625
142.5,70.5,1.78514137275,1.325,0.37601604375,16.95,1.397602097,0.64085,0.051268,1.09,0.436,0.8375,0.41875,0.9285,0.2089125,1,0.2,0.80340357175,0.4017017855,1.145,0.5725,0.9835181495,0.2212915835,0.05694645725,0.02847322875,0.1,5,2.2534464285,1.25,1.26775,0.22185625,0.76275,0.17161875
140,71,1.422186418,1.2,0.3734964,17.1,1.551400801,0.6424,0.051392,1.04,0.416,0.84,0.42,0.928,0.2088,1,0.2,0.809666667,0.404833333,1.15,0.575,0.996563574,0.224226804,0.057104002,0.028552001,0,5,2.1835,1.25,1.267,0.221725,0.767,0.172575
137.5,71.5,1.22771963325,1.4,0.3465729,17.15,1.35705695775,0.64455,0.051564,1.04,0.416,0.845,0.4225,0.921,0.207225,1,0.2,0.81735000025,0.40867499975,1.155,0.5775,1.013189812,0.2279677075,0.05684952975,0.028424765,-0.1,5,2.22525,1.25,1.321,0.231175,0.771,0.173475
135,72,1.0332528485,1.6,0.3196494,17.2,1.1627131145,0.6467,0.051736,1.04,0.416,0.85,0.425,0.914,0.20565,1,0.2,0.8250333335,0.4125166665,1.16,0.58,1.02981605,0.231708611,0.0565950575,0.028297529,-0.2,5,2.267,1.25,1.375,0.240625,0.775,0.174375
132.5,72.5,0.83878606375,1.8,0.2927259,17.25,0.96836927125,0.64885,0.051908,1.04,0.416,0.855,0.4275,0.907,0.204075,1,0.2,0.83271666675,0.41635833325,1.165,0.5825,1.046442288,0.2354495145,0.05634058525,0.028170293,-0.3,5,2.30875,1.25,1.429,0.250075,0.779,0.175275
130,73,0.644319279,2,0.2658024,17.3,0.774025428,0.651,0.05208,1.04,0.416,0.86,0.43,0.9,0.2025,1,0.2,0.8404,0.4202,1.17,0.585,1.063068526,0.239190418,0.056086113,0.028043057,-0.4,5,2.3505,1.25,1.483,0.259525,0.783,0.176175
127.5,72.75,0.87147904325,2.125,0.29524554375,17.075,0.72672632325,0.6538,0.052304,1.04,0.416,0.865,0.4325,0.89325,0.20098125,1,0.2,0.84808333325,0.42404166675,1.1725,0.58625,1.07969476425,0.24293132175,0.0558316405,0.02791582075,-0.425,5,2.39225,1.25,1.5265,0.2671375,0.78725,0.17713125
125,72.5,1.0986388075,2.25,0.3246886875,16.85,0.6794272185,0.6566,0.052528,1.04,0.416,0.87,0.435,0.8865,0.1994625,1,0.2,0.8557666665,0.4278833335,1.175,0.5875,1.0963210025,0.2466722255,0.055577168,0.0277885845,-0.45,5,2.434,1.25,1.57,0.27475,0.7915,0.1780875
122.5,72.25,1.32579857175,2.375,0.35413183125,16.625,0.63212811375,0.6594,0.052752,1.04,0.416,0.875,0.4375,0.87975,0.19794375,1,0.2,0.86344999975,0.43172500025,1.1775,0.58875,1.11294724075,0.25041312925,0.0553226955,0.02766134825,-0.475,5,2.47575,1.25,1.6135,0.2823625,0.79575,0.17904375
120,72,1.552958336,2.5,0.383574975,16.4,0.584829009,0.6622,0.052976,1.04,0.416,0.88,0.44,0.873,0.196425,1,0.2,0.871133333,0.435566667,1.18,0.59,1.129573479,0.254154033,0.055068223,0.027534112,-0.5,5,2.5175,1.25,1.657,0.289975,0.8,0.18
117.5,72.25,1.51026577475,2.55,0.34130323125,16.225,0.505564688,0.665625,0.05325,1.04,0.416,0.8725,0.43625,0.86625,0.19490625,1,0.2,0.87534999975,0.43767500025,1.18,0.59,1.13890236525,0.25625303225,0.05440168275,0.02720084175,-0.55,5,2.655675,1.25,1.6735,0.2928625,0.80425,0.18095625
115,72.5,1.4675732135,2.6,0.2990314875,16.05,0.426300367,0.66905,0.053524,1.04,0.416,0.865,0.4325,0.8595,0.1933875,1,0.2,0.8795666665,0.4397833335,1.18,0.59,1.1482312515,0.2583520315,0.0537351425,0.0268675715,-0.6,5,2.79385,1.25,1.69,0.29575,0.8085,0.1819125
112.5,72.75,1.42488065225,2.65,0.25675974375,15.875,0.347036046,0.672475,0.053798,1.04,0.416,0.8575,0.42875,0.85275,0.19186875,1,0.2,0.88378333325,0.44189166675,1.18,0.59,1.15756013775,0.26045103075,0.05306860225,0.02653430125,-0.65,5,2.932025,1.25,1.7065,0.2986375,0.81275,0.18286875
110,73,1.382188091,2.7,0.214488,15.7,0.267771725,0.6759,0.054072,1.04,0.416,0.85,0.425,0.846,0.19035,1,0.2,0.888,0.444,1.18,0.59,1.166889024,0.26255003,0.052402062,0.026201031,-0.7,5,3.0702,1.25,1.723,0.301525,0.817,0.183825
107.5,73.25,1.3807429955,2.675,0.2214558,16.125,0.35256203,0.68,0.0544,1.04,0.416,0.8425,0.42125,0.83925,0.18883125,1,0.2,0.88875,0.444375,1.18,0.59,1.16892055825,0.26300712525,0.05173552175,0.025867761,-0.75,5,3.3048,1.25,1.703,0.298025,0.821,0.184725
105,73.5,1.3792979,2.65,0.2284236,16.55,0.437352335,0.6841,0.054728,1.04,0.416,0.835,0.4175,0.8325,0.1873125,1,0.2,0.8895,0.44475,1.18,0.59,1.1709520925,0.2634642205,0.0510689815,0.025534491,-0.8,5,3.5394,1.25,1.683,0.294525,0.825,0.185625
102.5,73.75,1.3778528045,2.625,0.2353914,16.975,0.52214264,0.6882,0.055056,1.04,0.416,0.8275,0.41375,0.82575,0.18579375,1,0.2,0.89025,0.445125,1.18,0.59,1.17298362675,0.26392131575,0.05040244125,0.025201221,-0.85,5,3.774,1.25,1.663,0.291025,0.829,0.186525
100,74,1.376407709,2.6,0.2423592,17.4,0.606932945,0.6923,0.055384,1.04,0.416,0.82,0.41,0.819,0.184275,1,0.2,0.891,0.4455,1.18,0.59,1.175015161,0.264378411,0.049735901,0.024867951,-0.9,5,4.0086,1.25,1.643,0.287525,0.833,0.187425
97.5,74.2916666675,1.44383013175,2.575,0.2592612,17.675,0.4902541945,0.69705,0.055764,1,0.4,0.8175,0.40875,0.825,0.185625,1,0.2,0.89175,0.445875,1.1825,0.59125,1.17704669525,0.26483550625,0.04986517125,0.024932586,-0.95,5,4.2432,1.25,1.5815,0.2767625,0.83725,0.18838125
95,74.583333335,1.5112525545,2.55,0.2761632,17.95,0.373575444,0.7018,0.056144,0.96,0.384,0.815,0.4075,0.831,0.186975,1,0.2,0.8925,0.44625,1.185,0.5925,1.1790782295,0.2652926015,0.0499944415,0.024997221,-1,5,4.4778,1.25,1.52,0.266,0.8415,0.1893375
92.5,74.8750000025,1.57867497725,2.525,0.2930652,18.225,0.2568966935,0.70655,0.056524,0.92,0.368,0.8125,0.40625,0.837,0.188325,1,0.2,0.89325,0.446625,1.1875,0.59375,1.18110976375,0.26574969675,0.05012371175,0.025061856,-1.05,5,4.7124,1.25,1.4585,0.2552375,0.84575,0.19029375
90,75.16666667,1.6460974,2.5,0.3099672,18.5,0.140217943,0.7113,0.056904,0.88,0.352,0.81,0.405,0.843,0.189675,1,0.2,0.894,0.447,1.19,0.595,1.183141298,0.266206792,0.050252982,0.025126491,-1.1,5,4.947,1.25,1.397,0.244475,0.85,0.19125
87.5,75.41666667,1.64264102525,2.475,0.2787462,18.475,0.17690273375,0.7167,0.057336,0.88,0.352,0.805,0.4025,0.8555,0.1924875,1,0.2,0.8892375,0.44461875,1.19,0.595,1.18552910875,0.2667440495,0.05038225225,0.02519112625,-1.125,5,4.78025,1.25,1.381,0.241675,0.85425,0.19220625
85,75.66666667,1.6391846505,2.45,0.2475252,18.45,0.2135875245,0.7221,0.057768,0.88,0.352,0.8,0.4,0.868,0.1953,1,0.2,0.884475,0.4422375,1.19,0.595,1.1879169195,0.267281307,0.0505115225,0.0252557615,-1.15,5,4.6135,1.25,1.365,0.238875,0.8585,0.1931625
82.5,75.91666667,1.63572827575,2.425,0.2163042,18.425,0.25027231525,0.7275,0.0582,0.88,0.352,0.795,0.3975,0.8805,0.1981125,1,0.2,0.8797125,0.43985625,1.19,0.595,1.19030473025,0.2678185645,0.05064079275,0.02532039675,-1.175,5,4.44675,1.25,1.349,0.236075,0.86275,0.19411875
80,76.16666667,1.632271901,2.4,0.1850832,18.4,0.286957106,0.7329,0.058632,0.88,0.352,0.79,0.395,0.893,0.200925,1,0.2,0.87495,0.437475,1.19,0.595,1.192692541,0.268355822,0.050770063,0.025385032,-1.2,5,4.28,1.25,1.333,0.233275,0.867,0.195075
77.5,76.6250000025,1.6907595565,2.4,0.1706085,18.525,0.31940725275,0.738975,0.059118,0.88,0.352,0.81,0.405,0.9055,0.2037375,1,0.2,0.8701875,0.43509375,1.1925,0.59625,1.19508035175,0.26889307925,0.05089933325,0.025449667,-1.25,5,4.11325,1.25,1.33475,0.23358125,0.871,0.195975
75,77.083333335,1.749247212,2.4,0.1561338,18.65,0.3518573995,0.74505,0.059604,0.88,0.352,0.83,0.415,0.918,0.20655,1,0.2,0.865425,0.4327125,1.195,0.5975,1.1974681625,0.2694303365,0.0510286035,0.025514302,-1.3,5,3.9465,1.25,1.3365,0.2338875,0.875,0.196875
72.5,77.5416666675,1.8077348675,2.4,0.1416591,18.775,0.38430754625,0.751125,0.06009,0.88,0.352,0.85,0.425,0.9305,0.2093625,1,0.2,0.8606625,0.43033125,1.1975,0.59875,1.19985597325,0.26996759375,0.05115787375,0.025578937,-1.35,5,3.77975,1.25,1.33825,0.23419375,0.879,0.197775
70,78,1.866222523,2.4,0.1271844,18.9,0.416757693,0.7572,0.060576,0.88,0.352,0.87,0.435,0.943,0.212175,1,0.2,0.8559,0.42795,1.2,0.6,1.202243784,0.270504851,0.051287144,0.025643572,-1.4,5,3.613,1.25,1.34,0.2345,0.883,0.198675
67.5,78.125,1.69810770575,2.375,0.2160297,18.75,0.38222767175,0.76395,0.061116,0.975,0.39,0.8875,0.44375,0.95,0.21375,1,0.2,0.86385833325,0.43192916675,1.1875,0.59375,1.19921164325,0.2698226195,0.04995406325,0.02497703175,-1.25,5,3.21397222225,1.25,1.34325,0.23506875,0.88725,0.19963125
65,78.25,1.5299928885,2.35,0.304875,18.6,0.3476976505,0.7707,0.061656,1.07,0.428,0.905,0.4525,0.957,0.215325,1,0.2,0.8718166665,0.4359083335,1.175,0.5875,1.1961795025,0.269140388,0.0486209825,0.0243104915,-1.1,5,2.8149444445,1.25,1.3465,0.2356375,0.8915,0.2005875
62.5,78.375,1.36187807125,2.325,0.3937203,18.45,0.31316762925,0.77745,0.062196,1.165,0.466,0.9225,0.46125,0.964,0.2169,1,0.2,0.87977499975,0.43988750025,1.1625,0.58125,1.19314736175,0.2684581565,0.04728790175,0.02364395125,-0.95,5,2.41591666675,1.25,1.34975,0.23620625,0.89575,0.20154375
60,78.5,1.193763254,2.3,0.4825656,18.3,0.278637608,0.7842,0.062736,1.26,0.504,0.94,0.47,0.971,0.218475,1,0.2,0.887733333,0.443866667,1.15,0.575,1.190115221,0.267775925,0.045954821,0.022977411,-0.8,5,2.016888889,1.25,1.353,0.236775,0.9,0.2025
57.5,78.375,1.06870894175,2.275,0.4739301,18.45,0.3610538815,0.7916,0.063328,1.22,0.488,0.935,0.4675,0.978,0.22005,1,0.2,0.8926772725,0.4463386365,1.1375,0.56875,1.18807541725,0.267316969,0.04462174025,0.0223108705,-0.575,5,1.68396212125,1.25,1.3715,0.2400125,0.90425,0.20345625
55,78.25,0.9436546295,2.25,0.4652946,18.6,0.443470155,0.799,0.06392,1.18,0.472,0.93,0.465,0.985,0.221625,1,0.2,0.897621212,0.448810606,1.125,0.5625,1.1860356135,0.266858013,0.0432886595,0.02164433,-0.35,5,1.3510353535,1.25,1.39,0.24325,0.9085,0.2044125
52.5,78.125,0.81860031725,2.225,0.4566591,18.75,0.5258864285,0.8064,0.064512,1.14,0.456,0.925,0.4625,0.992,0.2232,1,0.2,0.9025651515,0.4512825755,1.1125,0.55625,1.18399580975,0.266399057,0.04195557875,0.0209777895,-0.125,5,1.01810858575,1.25,1.4085,0.2464875,0.91275,0.20536875
50,78,0.693546005,2.2,0.4480236,18.9,0.608302702,0.8138,0.065104,1.1,0.44,0.92,0.46,0.999,0.224775,1,0.2,0.907509091,0.453754545,1.1,0.55,1.181956006,0.265940101,0.040622498,0.020311249,0.1,5,0.685181818,1.25,1.427,0.249725,0.917,0.206325
47.5,78.0833333325,0.804552571,2.2,0.4197483,19.725,0.4741770835,0.82185,0.065748,1.1,0.44,0.9175,0.45875,1.01,0.22725,1,0.2,0.9003954545,0.450197727,1.095,0.5475,1.18388555025,0.2663742485,0.0392894175,0.01964470875,0.1,5,0.61665909075,1.25,1.382,0.24185,0.921,0.207225
45,78.166666665,0.915559137,2.2,0.391473,20.55,0.340051465,0.8299,0.066392,1.1,0.44,0.915,0.4575,1.021,0.229725,1,0.2,0.893281818,0.446640909,1.09,0.545,1.1858150945,0.266808396,0.037956337,0.0189781685,0.1,5,0.5481363635,1.25,1.337,0.233975,0.925,0.208125
42.5,78.2499999975,1.026565703,2.2,0.3631977,21.375,0.2059258465,0.83795,0.067036,1.1,0.44,0.9125,0.45625,1.032,0.2322,1,0.2,0.8861681815,0.443084091,1.085,0.5425,1.18774463875,0.2672425435,0.0366232565,0.01831162825,0.1,5,0.47961363625,1.25,1.292,0.2261,0.929,0.209025
40,78.33333333,1.137572269,2.2,0.3349224,22.2,0.071800228,0.846,0.06768,1.1,0.44,0.91,0.455,1.043,0.234675,1,0.2,0.879054545,0.439527273,1.08,0.54,1.189674183,0.267676691,0.035290176,0.017645088,0.1,5,0.411090909,1.25,1.247,0.218225,0.933,0.209925
37.5,78.95833333,1.355622868,2.2,0.2845314,22.1,0.09693261625,0.854675,0.068374,1.1475,0.459,0.9325,0.46625,1.054,0.23715,1,0.2,0.87194090875,0.43597045475,1.075,0.5375,1.191603727,0.2681108385,0.03395709525,0.01697854775,0.1,5,0.34256818175,1.25,1.1995,0.2099125,0.93725,0.21088125
35,79.58333333,1.573673467,2.2,0.2341404,22,0.1220650045,0.86335,0.069068,1.195,0.478,0.955,0.4775,1.065,0.239625,1,0.2,0.8648272725,0.4324136365,1.07,0.535,1.193533271,0.268544986,0.0326240145,0.0163120075,0.1,5,0.2740454545,1.25,1.152,0.2016,0.9415,0.2118375
32.5,80.20833333,1.791724066,2.2,0.1837494,21.9,0.14719739275,0.872025,0.069762,1.2425,0.497,0.9775,0.48875,1.076,0.2421,1,0.2,0.85771363625,0.42885681825,1.065,0.5325,1.195462815,0.2689791335,0.03129093375,0.01564546725,0.1,5,0.20552272725,1.25,1.1045,0.1932875,0.94575,0.21279375
30,80.83333333,2.009774665,2.2,0.1333584,21.8,0.172329781,0.8807,0.070456,1.29,0.516,1,0.5,1.087,0.244575,1,0.2,0.8506,0.4253,1.06,0.53,1.197392359,0.269413281,0.029957853,0.014978927,0.1,5,0.137,1.25,1.057,0.184975,0.95,0.21375
27.5,81.9999999975,2.44225190575,2.15,0.1974744,21.825,0.14709110225,0.890025,0.071202,1.215,0.486,1,0.5,1.075,0.241875,1,0.2,0.85041666675,0.42520833325,1.055,0.5275,1.16585809575,0.26231807175,0.029957853,0.014978927,0.075,5,0.11416666675,1.25,1.041,0.182175,0.95425,0.21470625
25,83.166666665,2.8747291465,2.1,0.2615904,21.85,0.1218524235,0.89935,0.071948,1.14,0.456,1,0.5,1.063,0.239175,1,0.2,0.8502333335,0.4251166665,1.05,0.525,1.1343238325,0.2552228625,0.029957853,0.014978927,0.05,5,0.0913333335,1.25,1.025,0.179375,0.9585,0.2156625
22.5,84.3333333325,3.30720638725,2.05,0.3257064,21.875,0.09661374475,0.908675,0.072694,1.065,0.426,1,0.5,1.051,0.236475,1,0.2,0.85005000025,0.42502499975,1.045,0.5225,1.10278956925,0.24812765325,0.029957853,0.014978927,0.025,5,0.06850000025,1.25,1.009,0.176575,0.96275,0.21661875
20,85.5,3.739683628,2,0.3898224,21.9,0.071375066,0.918,0.07344,0.99,0.396,1,0.5,1.039,0.233775,1,0.2,0.849866667,0.424933333,1.04,0.52,1.071255306,0.241032444,0.029957853,0.014978927,0,5,0.045666667,1.25,0.993,0.173775,0.967,0.217575
17.5,86.5416666675,3.19930168675,1.925,0.3735972,21.95,0.07831433225,0.92795,0.074236,0.9925,0.397,1,0.5,1.03175,0.23214375,1,0.2,0.84977500025,0.42488749975,1.035,0.5175,1.05480594275,0.23733133725,0.029957853,0.014978927,0,5,0.03425000025,1.25,0.98975,0.17320625,0.971,0.218475
15,87.583333335,2.6589197455,1.85,0.357372,22,0.0852535985,0.9379,0.075032,0.995,0.398,1,0.5,1.0245,0.2305125,1,0.2,0.8496833335,0.4248416665,1.03,0.515,1.0383565795,0.2336302305,0.029957853,0.014978927,0,5,0.0228333335,1.25,0.9865,0.1726375,0.975,0.219375
12.5,88.6250000025,2.11853780425,1.775,0.3411468,22.05,0.09219286475,0.94785,0.075828,0.9975,0.399,1,0.5,1.01725,0.22888125,1,0.2,0.84959166675,0.42479583325,1.025,0.5125,1.02190721625,0.22992912375,0.029957853,0.014978927,0,5,0.01141666675,1.25,0.98325,0.17206875,0.979,0.220275
10,89.66666667,1.578155863,1.7,0.3249216,22.1,0.099132131,0.9578,0.076624,1,0.4,1,0.5,1.01,0.22725,1,0.2,0.8495,0.42475,1.02,0.51,1.005457853,0.226228017,0.029957853,0.014978927,0,5,0,1.25,0.98,0.1715,0.983,0.221175
7.5,90.0625000025,1.460175314,1.65,0.3059631,22.025,0.12085930125,0.96835,0.077468,1,0.4,1,0.5,1.0075,0.2266875,1,0.2,0.8495,0.42475,1.015,0.5075,1.00409338975,0.22592101275,0.029957853,0.014978927,0,5,0,1.25,0.985,0.172375,0.98725,0.22213125
5,90.458333335,1.342194765,1.6,0.2870046,21.95,0.1425864715,0.9789,0.078312,1,0.4,1,0.5,1.005,0.226125,1,0.2,0.8495,0.42475,1.01,0.505,1.0027289265,0.2256140085,0.029957853,0.014978927,0,5,0,1.25,0.99,0.17325,0.9915,0.2230875
2.5,90.8541666675,1.224214216,1.55,0.2680461,21.875,0.16431364175,0.98945,0.079156,1,0.4,1,0.5,1.0025,0.2255625,1,0.2,0.8495,0.42475,1.005,0.5025,1.00136446325,0.22530700425,0.029957853,0.014978927,0,5,0,1.25,0.995,0.174125,0.99575,0.22404375
0,91.25,1.106233667,1.5,0.2490876,21.8,0.186040812,1,0.08,1,0.4,1,0.5,1,0.225,1,0.2,0.8495,0.42475,1,0.5,1,0.225,0.029957853,0.014978927,0,5,0,1.25,1,0.175,1,0.225
